{"train/loss":0.17313173212110997,"train/epochs":89.48545861297539,"_wandb":{"runtime":1794},"_timestamp":1.764978259056843e+09,"_step":5000,"train/episodes":447.42729306487695,"train/dataloading_s":0.06118687998503446,"_runtime":1794.301317544,"train/kld_loss":0.007405940443277359,"train/steps":5000,"train/l1_loss":0.1038430780172348,"train/lr":1.0000000000000021e-05,"train/update_s":0.104404113907367,"train/samples":80000,"train/grad_norm":16.062369961738586}